{
  "balance": 1005.8497426536562,
  "realized_pnl": 5.849742653656341,
  "open_positions": 1,
  "daily_loss_limit": -20
}