{
  "balance": 999.577647473923,
  "realized_pnl": -0.422352526076887,
  "open_positions": 0,
  "daily_loss_limit": -20
}