{
  "balance": 996.5891773995822,
  "realized_pnl": -3.410822600417622,
  "open_positions": 1,
  "daily_loss_limit": -20
}