{
  "balance": 1003.4435712254942,
  "realized_pnl": 3.4435712254943396,
  "open_positions": 2,
  "daily_loss_limit": -20
}