{
  "balance": 989.5879228737059,
  "realized_pnl": -10.412077126293967,
  "open_positions": 0,
  "daily_loss_limit": -20
}